account_code,account_name,account_sub1,account_category,account_type,account_sub2
101,Accumulated Depreciation,,Contra Assets,asset,
102,loan,,Non-Current Liabilities,liability,
103,Inventory,,Current Assets,asset,
104,Depreciation,,Non-Cash Expenses,expense,
105,company asset,,Non-Current Assets,asset,
106,Accounts Payable,,Current Liabilities,liability,
107,Accounts Receivable,,Current Assets,asset,
108,Accumulated Depreciation - Building,Accumulated Depreciation,Contra Assets,asset,
109,Accumulated Depreciation - Equipment,Accumulated Depreciation,Contra Assets,asset,
110,Accumulated Depreciation - Vehicle,Accumulated Depreciation,Contra Assets,asset,
111,Advertising Expense,,Sales and Marketing,expense,
112,Allowance for Doubtful Accounts,,Non-Cash Expenses,expense,
113,Bad Debt Expense,,Financial Expenses,expense,
114,Building,company asset,Non-Current Assets,asset,
115,Car Loan Payable (Loan 3),loan,Non-Current Liabilities,liability,
116,Cash,,Current Assets,asset,
117,Common Stock,,Shareholder Equity,equity,
118,Cost of Goods Sold,,Direct Cost,expense,
119,Depreciation Expense - Building,Depreciation,Non-Cash Expenses,expense,
120,Depreciation Expense - Equipment,Depreciation,Non-Cash Expenses,expense,
121,Depreciation Expense - Vehicle,Depreciation,Non-Cash Expenses,expense,
122,Equipment,,Non-Current Assets,asset,
123,Finished Goods Inventory,Inventory,Current Assets,asset,
124,Interest Expense,,Financial Expenses,expense,
125,Land,company asset,Non-Current Assets,asset,
126,Loan Payable (Loan 1),loan,Non-Current Liabilities,liability,
127,Loss from Damaged Inventory,,Operating Expenses,expense,
128,Mortgage Payable (Loan 2),loan,Non-Current Liabilities,liability,Loan Payable (Loan 1)
129,Raw Materials Inventory,Inventory,Current Assets,asset,
130,Salaries and Wages Expense (S&A),,Payroll Expenses,expense,
131,Sales Discounts,Sales Revenue,Operating Expenses,expense,
132,Sales Returns & Allowances,Sales Revenue,Operating Expenses,expense,
133,Sales Revenue,,Operating Revenue,income,
134,Utilities Expense,,Administrative Expenses,expense,
135,Vehicle,company asset,Non-Current Assets,asset,
136,Work-in-Process (WIP) Inventory,Inventory,Current Assets,asset,