contact_id,type,name,trade_license_name,tacking_name,address,bin,tin,notes,road_and_location,city,state,country
1,Customer,Rahim Traders,Rahim Ltd.,,123 Business St.,BIN123456,TIN654321,Preferred supplier,Main Road,Dhaka,Dhaka,Bangladesh
10,Customer,Epsilon Enterprises,Epsilon Group,EpsilonEnt,"Suite 200, 90 Main St, Commerce Center",5550000000000,,Credit terms: Net 30,Main St,Commerce Ctr,TX,USA
11,Supplier,Zeta Logistics,Zeta Transport,,"Warehouse #10, Port Area",,,Handles all our shipping needs,Port Area,Harbor City,BC,Canada
12,Customer,Eta Software Inc.,,EtaSoft,"321 Silicon Way, Tech Valley",7780000000000,,Currently on a trial period,Silicon Way,Tech Valley,WA,USA
13,Other,Theta Investments,Theta Fund LP,ThetaInvest,"654 Financial St, Capital District",,,Investor contact,Financial St,Capital City,,UK
14,Supplier,Iota Marketing,Iota Ads,IotaMarket,"987 Media Rd, Creative Hub",2220000000000,,New marketing agency,Media Rd,Creative Hub,GA,USA
15,Supplier,Kappa Manufacturing,Kappa Mfg. Co.,KappaManu,"Plant B, Industrial Park South",,4450000000000,Provides specialized components,Industrial Park South,Industry Town,QC,Canada
16,Customer,Lambda Solutions Ltd.,,LambdaSol,"111 Innovation Blvd, Research Center",8890000000000,,Key partner for our R&D projects,Innovation Blvd,Research Ctr,MA,USA
17,Other,Mu Foundation,,MuFound,"PO Box 789, Charity Village",,,Non-profit organization we support,PO Box,Charity Vill,,Australia
18,Supplier,Nu Generation Corp.,NuGen Energy,NuGenCorp,"222 Energy Dr, Green Tech Zone",3330000000000,,Focuses on sustainable solutions,Energy Dr,Green Tech,CO,USA
19,Supplier,Xi Global Trading,XiTrade Int'l,XiGlobal,"555 International Blvd, Global Trade Ctr",,6670000000000,Imports a wide range of goods,International Blvd,Trade City,NC,Canada
2,Customer,Jahan Enterprises,,JahanEnt,,,TIN987654,Potential lead,Industrial Zone,Chittagong,Chittagong,Bangladesh
20,Customer,Omicron Systems,,OmicronSys,"Suite 1200, Tech Tower, Digital City",9990000000000,,Provides essential software services,Tech Tower,Digital City,WA,USA
3,Customer,Kamrul Services,Kamrul Service Ltd.,KamrulTech,456 Corporate Ave.,,,,,Sylhet,,Bangladesh
4,Customer,Global Solutions,,,789 Market Road,BIN111222,TIN222333,High-value contract,City Center,,Barisal,Bangladesh
5,Customer,Elite Goods,,EliteG,,BIN333444,,Requires follow-up,,Khulna,Khulna,
6,Customer,Alpha Solutions,Alpha Inc.,AlphaSol,"123 Innovation Dr, Tech Park",9.88E+12,,Established client since 2022,Innovation Dr,Tech Park,CA,USA
7,Supplier,Beta Materials,,BetaSupply,"45 Industrial Ave, Manufacturing Zone",,1234567890ABC,Primary raw material provider,Industrial Ave,Factory Town,ON,Canada
8,Customer,Gamma Retail,Gamma Stores Ltd.,,"78 Business Blvd, Downtown Plaza",1120000000000,,Potential for large volume purchases,Business Blvd,Central City,NY,USA
9,Other,Delta Consulting,,DeltaCon,"PO Box 567, Anytown",,,Contact for project collaboration,PO Box,Anytown,,Australia
contact1,,,,,,,,,,,,
contact10,,,,,,,,,,,,
contact11,,,,,,,,,,,,
contact12,,,,,,,,,,,,
contact13,,,,,,,,,,,,
contact14,,,,,,,,,,,,
contact15,,,,,,,,,,,,
contact16,,,,,,,,,,,,
contact17,,,,,,,,,,,,
contact18,,,,,,,,,,,,
contact19,,,,,,,,,,,,
contact2,,,,,,,,,,,,
contact20,,,,,,,,,,,,
contact21,,,,,,,,,,,,
contact22,,,,,,,,,,,,
contact23,,,,,,,,,,,,
contact24,,,,,,,,,,,,
contact25,,,,,,,,,,,,
contact26,,,,,,,,,,,,
contact27,,,,,,,,,,,,
contact28,,,,,,,,,,,,
contact29,,,,,,,,,,,,
contact3,,,,,,,,,,,,
contact30,,,,,,,,,,,,
contact4,,,,,,,,,,,,
contact5,,,,,,,,,,,,
contact6,,,,,,,,,,,,
contact7,,,,,,,,,,,,
contact8,,,,,,,,,,,,
contact9,,,,,,,,,,,,