transaction_id,transaction_line_id,transaction_date,description,account_code,amount,dc,transaction_type,memo,note,contact_id,status,currency_id,total_amount,due_date,adjustment,tracking,created_date,related_transaction_id,payment_transaction_id,posting_period_id,accounting_period_id,created_by_id,department_id,location_id,attachment_id,item_id,quantity,rate,expense_category_id,vat_rate,vat_amount,tax_rate,tax_amount,tracking_name1,tracking_name2,tracking_name3,repet_post_start,repet_post_frequency,repet_post_due,repet_post_end,repet_post_type,repet_post_note,reminder_start,reminder_frequency,reminder_end
T10,T10T21,2025-03-15,"Mar 15: Returns $5,000 of defective raw materials (from Feb 1 purchase); receives a credit memo.",106,5000,debit,cnote,MT10,"Defective, Credit Memo received",,post,1,5000,,,,,,,,,,,,,,,,,,,,,,,,,,,,,,,,
T10,T10T22,2025-03-15,"Mar 15: Returns $5,000 of defective raw materials (from Feb 1 purchase); receives a credit memo.",129,5000,credit,cnote,MT10,,,post,1,5000,,,,,,,,,,,,,,,,,,,,,,,,,,,,,,,,
T11,T11T23,2025-04-01,"Apr 1: Incurs & pays $20,000 in manufacturing wages (direct labor).",136,20000,debit,journal,MT11,Cash payment,,post,1,20000,,,,,,,,,,,,,,,,,,,,,,,,,,,,,,,,
T11,T11T24,2025-04-01,"Apr 1: Incurs & pays $20,000 in manufacturing wages (direct labor).",116,20000,credit,journal,MT11,,,post,1,20000,,,,,,,,,,,,,,,,,,,,,,,,,,,,,,,,
T12,T12T25,2025-04-15,"Apr 15: Incurs & pays $10,000 in factory overhead.",136,10000,debit,journal,MT12,Cash payment,,post,1,10000,,,,,,,,,,,,,,,,,,,,,,,,,,,,,,,,
T12,T12T26,2025-04-15,"Apr 15: Incurs & pays $10,000 in factory overhead.",116,10000,credit,journal,MT12,,,post,1,10000,,,,,,,,,,,,,,,,,,,,,,,,,,,,,,,,
T13,T13T27,2025-05-01,"May 1: Purchases raw materials for $25,000 on credit.",129,25000,debit,bill,MT13,On credit,,post,1,25000,,,,,,,,,,,,,,,,,,,,,,,,,,,,,,,,
T13,T13T28,2025-05-01,"May 1: Purchases raw materials for $25,000 on credit.",106,25000,credit,bill,MT13,,,post,1,25000,,,,,,,,,,,,,,,,,,,,,,,,,,,,,,,,
T14,T14T29,2025-05-10,"May 10: Raw materials costing $2,000 (from May 1 purchase) are damaged and scrapped.",127,2000,debit,journal,MT14,From May 1 purchase,,post,1,2000,,,,,,,,,,,,,,,,,,,,,,,,,,,,,,,,
T14,T14T30,2025-05-10,"May 10: Raw materials costing $2,000 (from May 1 purchase) are damaged and scrapped.",129,2000,credit,journal,MT14,,,post,1,2000,,,,,,,,,,,,,,,,,,,,,,,,,,,,,,,,
T15,T15T31,2025-06-01,"Jun 1: Incurs & pays $25,000 in manufacturing wages (direct labor).",136,25000,debit,journal,MT15,Cash payment,,post,1,25000,,,,,,,,,,,,,,,,,,,,,,,,,,,,,,,,
T15,T15T32,2025-06-01,"Jun 1: Incurs & pays $25,000 in manufacturing wages (direct labor).",116,25000,credit,journal,MT15,,,post,1,25000,,,,,,,,,,,,,,,,,,,,,,,,,,,,,,,,
T16,T16T33,2025-06-01,"Jun 1: Incurs & pays $12,000 in factory overhead.",136,12000,debit,journal,MT16,Cash payment,,post,1,12000,,,,,,,,,,,,,,,,,,,,,,,,,,,,,,,,
T16,T16T34,2025-06-01,"Jun 1: Incurs & pays $12,000 in factory overhead.",116,12000,credit,journal,MT16,,,post,1,12000,,,,,,,,,,,,,,,,,,,,,,,,,,,,,,,,
T17,T17T35,2025-07-01,"Jul 1: Purchases raw materials for $35,000 on credit.",129,35000,debit,bill,MT17,On credit,,post,1,35000,,,,,,,,,,,,,,,,,,,,,,,,,,,,,,,,
T17,T17T36,2025-07-01,"Jul 1: Purchases raw materials for $35,000 on credit.",106,35000,credit,bill,MT17,,,post,1,35000,,,,,,,,,,,,,,,,,,,,,,,,,,,,,,,,
T18,T18T37,2025-07-15,"Jul 15: Finished goods costing $1,000 are damaged and scrapped.",127,1000,debit,journal,MT18,,,post,1,1000,,,,,,,,,,,,,,,,,,,,,,,,,,,,,,,,
T18,T18T38,2025-07-15,"Jul 15: Finished goods costing $1,000 are damaged and scrapped.",123,1000,credit,journal,MT18,,,post,1,1000,,,,,,,,,,,,,,,,,,,,,,,,,,,,,,,,
T19,T19T39,2025-08-01,"Aug 1: Incurs & pays $30,000 in manufacturing wages (direct labor).",136,30000,debit,journal,MT19,Cash payment,,post,1,30000,,,,,,,,,,,,,,,,,,,,,,,,,,,,,,,,
T19,T19T40,2025-08-01,"Aug 1: Incurs & pays $30,000 in manufacturing wages (direct labor).",116,30000,credit,journal,MT19,,,post,1,30000,,,,,,,,,,,,,,,,,,,,,,,,,,,,,,,,
T1,T1T1,2025-01-01,"Jan 1: Founder Investment: Founders invest $200,000 cash into the company in exchange for 200,000 shares of common stock.",116,200000,debit,journal,MT1,"Cash in, Equity up",,post,1,200000,,,,,,,,,,,,,,,,,,,,,,,,,,,,,,,,
T1,T1T2,2025-01-01,"Jan 1: Founder Investment: Founders invest $200,000 cash into the company in exchange for 200,000 shares of common stock.",117,200000,credit,journal,MT1,"Cash in, Equity up",,post,1,200000,,,,,,,,,,,,,,,,,,,,,,,,,,,,,,,,
T20,T20T41,2025-08-01,"Aug 1: Incurs & pays $15,000 in factory overhead.",136,15000,debit,journal,MT20,Cash payment,,post,1,15000,,,,,,,,,,,,,,,,,,,,,,,,,,,,,,,,
T20,T20T42,2025-08-01,"Aug 1: Incurs & pays $15,000 in factory overhead.",116,15000,credit,journal,MT20,,,post,1,15000,,,,,,,,,,,,,,,,,,,,,,,,,,,,,,,,
T21,T21T43,2025-09-01,"Sep 1: Purchases raw materials for $20,000 cash.",129,20000,debit,bill,MT21,Cash payment,,post,1,20000,,,,,,,,,,,,,,,,,,,,,,,,,,,,,,,,
T21,T21T44,2025-09-01,"Sep 1: Purchases raw materials for $20,000 cash.",116,20000,credit,bill,MT21,,,post,1,20000,,,,,,,,,,,,,,,,,,,,,,,,,,,,,,,,
T22,T22T45,2025-10-01,"Oct 1: Incurs & pays $35,000 in manufacturing wages (direct labor).",136,35000,debit,journal,MT22,Cash payment,,post,1,35000,,,,,,,,,,,,,,,,,,,,,,,,,,,,,,,,
T22,T22T46,2025-10-01,"Oct 1: Incurs & pays $35,000 in manufacturing wages (direct labor).",116,35000,credit,journal,MT22,,,post,1,35000,,,,,,,,,,,,,,,,,,,,,,,,,,,,,,,,
T23,T23T47,2025-10-01,"Oct 1: Incurs & pays $18,000 in factory overhead.",136,18000,debit,journal,MT23,Cash payment,,post,1,18000,,,,,,,,,,,,,,,,,,,,,,,,,,,,,,,,
T23,T23T48,2025-10-01,"Oct 1: Incurs & pays $18,000 in factory overhead.",116,18000,credit,journal,MT23,,,post,1,18000,,,,,,,,,,,,,,,,,,,,,,,,,,,,,,,,
T24,T24T49,2025-11-01,"Nov 1: Sells finished goods on credit for $120,000 (COGS $60,000).",107,120000,debit,invoice,MT24,"Sales Revenue, COGS",,post,1,120000,,,,,,,,,,,,,,,,,,,,,,,,,,,,,,,,
T24,T24T50,2025-11-01,"Nov 1: Sells finished goods on credit for $120,000 (COGS $60,000).",133,120000,credit,invoice,MT24,,,post,1,120000,,,,,,,,,,,,,,,,,,,,,,,,,,,,,,,,
T24,T24T51,2025-11-01,"Nov 1: Sells finished goods on credit for $120,000 (COGS $60,000).",118,60000,debit,journal,MT24,"Sales Revenue, COGS",,post,1,60000,,,,,,,,,,,,,,,,,,,,,,,,,,,,,,,,
T24,T24T52,2025-11-01,"Nov 1: Sells finished goods on credit for $120,000 (COGS $60,000).",123,60000,credit,journal,MT24,,,post,1,60000,,,,,,,,,,,,,,,,,,,,,,,,,,,,,,,,
T25,T25T53,2025-11-15,"Nov 15: Sells finished goods for cash for $80,000 (COGS $40,000).",116,80000,debit,invoice,MT25,"Sales Revenue, COGS",,post,1,80000,,,,,,,,,,,,,,,,,,,,,,,,,,,,,,,,
T25,T25T54,2025-11-15,"Nov 15: Sells finished goods for cash for $80,000 (COGS $40,000).",133,80000,credit,invoice,MT25,,,post,1,80000,,,,,,,,,,,,,,,,,,,,,,,,,,,,,,,,
T25,T25T55,2025-11-15,"Nov 15: Sells finished goods for cash for $80,000 (COGS $40,000).",118,40000,debit,journal,MT25,"Sales Revenue, COGS",,post,1,40000,,,,,,,,,,,,,,,,,,,,,,,,,,,,,,,,
T25,T25T56,2025-11-15,"Nov 15: Sells finished goods for cash for $80,000 (COGS $40,000).",123,40000,credit,journal,MT25,,,post,1,40000,,,,,,,,,,,,,,,,,,,,,,,,,,,,,,,,
T26,T26T57,2025-11-20,"Nov 20: Customer returns goods (from Nov 1 sale) totaling $10,000 (COGS reversal $5,000).",132,10000,debit,dnote,MT26,"Sales Returns & Allowances, COGS reversal",,post,1,10000,,,,,,,,,,,,,,,,,,,,,,,,,,,,,,,,
T26,T26T58,2025-11-20,"Nov 20: Customer returns goods (from Nov 1 sale) totaling $10,000 (COGS reversal $5,000).",107,10000,credit,dnote,MT26,,,post,1,10000,,,,,,,,,,,,,,,,,,,,,,,,,,,,,,,,
T26,T26T59,2025-11-20,"Nov 20: Customer returns goods (from Nov 1 sale) totaling $10,000 (COGS reversal $5,000).",123,5000,debit,journal,MT26,"Sales Returns & Allowances, COGS reversal",,post,1,5000,,,,,,,,,,,,,,,,,,,,,,,,,,,,,,,,
T26,T26T60,2025-11-20,"Nov 20: Customer returns goods (from Nov 1 sale) totaling $10,000 (COGS reversal $5,000).",118,5000,credit,journal,MT26,,,post,1,5000,,,,,,,,,,,,,,,,,,,,,,,,,,,,,,,,
T27,T27T61,2025-11-25,"Nov 25: Provides sales discount of $2,000 (applied to Accounts Receivable).",131,2000,debit,dnote,MT27,Applied to Accounts Receivable,,post,1,2000,,,,,,,,,,,,,,,,,,,,,,,,,,,,,,,,
T27,T27T62,2025-11-25,"Nov 25: Provides sales discount of $2,000 (applied to Accounts Receivable).",107,2000,credit,dnote,MT27,,,post,1,2000,,,,,,,,,,,,,,,,,,,,,,,,,,,,,,,,
T28,T28T63,2025-12-01,"Dec 1: Sells finished goods on credit for $150,000 (COGS $75,000).",107,150000,debit,invoice,MT28,"Sales Revenue, COGS",,post,1,150000,,,,,,,,,,,,,,,,,,,,,,,,,,,,,,,,
T28,T28T64,2025-12-01,"Dec 1: Sells finished goods on credit for $150,000 (COGS $75,000).",133,150000,credit,invoice,MT28,,,post,1,150000,,,,,,,,,,,,,,,,,,,,,,,,,,,,,,,,
T28,T28T65,2025-12-01,"Dec 1: Sells finished goods on credit for $150,000 (COGS $75,000).",118,75000,debit,journal,MT28,"Sales Revenue, COGS",,post,1,75000,,,,,,,,,,,,,,,,,,,,,,,,,,,,,,,,
T28,T28T66,2025-12-01,"Dec 1: Sells finished goods on credit for $150,000 (COGS $75,000).",123,75000,credit,journal,MT28,,,post,1,75000,,,,,,,,,,,,,,,,,,,,,,,,,,,,,,,,
T29,T29T67,2025-12-15,"Dec 15: Collects $90,000 cash from Accounts Receivable.",116,90000,debit,received,MT29,,,post,1,90000,,,,,,,,,,,,,,,,,,,,,,,,,,,,,,,,
T29,T29T68,2025-12-15,"Dec 15: Collects $90,000 cash from Accounts Receivable.",107,90000,credit,received,MT29,,,post,1,90000,,,,,,,,,,,,,,,,,,,,,,,,,,,,,,,,
T2,T2T3,2025-01-05,"Jan 5: Bank Loan: Obtains $150,000 5-year bank loan (Loan 1) at 8% annual interest.",116,150000,debit,journal,MT2,8% annual interest,,post,1,150000,,,,,,,,,,,,,,,,,,,,,,,,,,,,,,,,
T2,T2T4,2025-01-05,"Jan 5: Bank Loan: Obtains $150,000 5-year bank loan (Loan 1) at 8% annual interest.",126,150000,credit,journal,MT2,8% annual interest,,post,1,150000,,,,,,,,,,,,,,,,,,,,,,,,,,,,,,,,
T30,T30T69,2025-12-20,"Dec 20: Sells finished goods for cash for $50,000 (COGS $25,000).",116,50000,debit,invoice,MT30,,,post,1,50000,,,,,,,,,,,,,,,,,,,,,,,,,,,,,,,,
T30,T30T70,2025-12-20,"Dec 20: Sells finished goods for cash for $50,000 (COGS $25,000).",133,50000,credit,invoice,MT30,,,post,1,50000,,,,,,,,,,,,,,,,,,,,,,,,,,,,,,,,
T30,T30T71,2025-12-20,"Dec 20: Sells finished goods for cash for $50,000 (COGS $25,000).",118,25000,debit,journal,MT30,"Sales Revenue, COGS",,post,1,25000,,,,,,,,,,,,,,,,,,,,,,,,,,,,,,,,
T30,T30T72,2025-12-20,"Dec 20: Sells finished goods for cash for $50,000 (COGS $25,000).",123,25000,credit,journal,MT30,,,post,1,25000,,,,,,,,,,,,,,,,,,,,,,,,,,,,,,,,
T31,T31T73,2025-12-28,"Dec 28: Pays $60,000 to Accounts Payable (for raw materials).",106,60000,debit,paid,MT31,,,post,1,60000,,,,,,,,,,,,,,,,,,,,,,,,,,,,,,,,
T31,T31T74,2025-12-28,"Dec 28: Pays $60,000 to Accounts Payable (for raw materials).",116,60000,credit,paid,MT31,,,post,1,60000,,,,,,,,,,,,,,,,,,,,,,,,,,,,,,,,
T32,T32T75,2025-12-30,"Throughout Year: Pays $40,000 for Selling & Administrative (S&A) salaries.",130,40000,debit,journal,MT32,Cash payment,,post,1,40000,,,,,,,,,,,,,,,,,,,,,,,,,,,,,,,,
T32,T32T76,2025-12-30,"Throughout Year: Pays $40,000 for Selling & Administrative (S&A) salaries.",116,40000,credit,journal,MT32,,,post,1,40000,,,,,,,,,,,,,,,,,,,,,,,,,,,,,,,,
T33,T33T77,2025-12-30,"Throughout Year: Pays $5,000 for utilities (non-factory).",134,5000,debit,bill,MT33,Cash payment,,post,1,5000,,,,,,,,,,,,,,,,,,,,,,,,,,,,,,,,
T33,T33T78,2025-12-30,"Throughout Year: Pays $5,000 for utilities (non-factory).",116,5000,credit,bill,MT33,,,post,1,5000,,,,,,,,,,,,,,,,,,,,,,,,,,,,,,,,
T34,T34T79,2025-12-30,"Throughout Year: Pays $8,000 for advertising expense.",111,8000,debit,bill,MT34,Cash payment,,post,1,8000,,,,,,,,,,,,,,,,,,,,,,,,,,,,,,,,
T34,T34T80,2025-12-30,"Throughout Year: Pays $8,000 for advertising expense.",116,8000,credit,bill,MT34,,,post,1,8000,,,,,,,,,,,,,,,,,,,,,,,,,,,,,,,,
T35,T35T81,2025-12-31,"Dec 31: Records Depreciation Expense for Building: $5,000 (100k cost / 20 years).",119,5000,debit,journal,MT35,100k cost / 20 years,,post,1,5000,,,,,,,,,,,,,,,,,,,,,,,,,,,,,,,,
T35,T35T82,2025-12-31,"Dec 31: Records Depreciation Expense for Building: $5,000 (100k cost / 20 years).",108,5000,credit,journal,MT35,,,post,1,5000,,,,,,,,,,,,,,,,,,,,,,,,,,,,,,,,
T36,T36T83,2025-12-31,"Dec 31: Records Depreciation Expense for Equipment: $8,000 (40k cost / 5 years).",120,8000,debit,journal,MT36,40k cost / 5 years,,post,1,8000,,,,,,,,,,,,,,,,,,,,,,,,,,,,,,,,
T36,T36T84,2025-12-31,"Dec 31: Records Depreciation Expense for Equipment: $8,000 (40k cost / 5 years).",109,8000,credit,journal,MT36,,,post,1,8000,,,,,,,,,,,,,,,,,,,,,,,,,,,,,,,,
T37,T37T85,2025-12-31,"Dec 31: Records Depreciation Expense for Vehicle: $6,000 (30k cost / 5 years).",121,6000,debit,journal,MT37,30k cost / 5 years,,post,1,6000,,,,,,,,,,,,,,,,,,,,,,,,,,,,,,,,
T37,T37T86,2025-12-31,"Dec 31: Records Depreciation Expense for Vehicle: $6,000 (30k cost / 5 years).",110,6000,credit,journal,MT37,,,post,1,6000,,,,,,,,,,,,,,,,,,,,,,,,,,,,,,,,
T38,T38T87,2025-12-31,"Dec 31: Records and pays Interest Expense for Loan 1: $11,000 (11 months x $1000/month).",124,11000,debit,journal,MT38,11 months x $1000/month,,post,1,11000,,,,,,,,,,,,,,,,,,,,,,,,,,,,,,,,
T38,T38T88,2025-12-31,"Dec 31: Records and pays Interest Expense for Loan 1: $11,000 (11 months x $1000/month).",116,11000,credit,journal,MT38,,,post,1,11000,,,,,,,,,,,,,,,,,,,,,,,,,,,,,,,,
T39,T39T89,2025-12-31,"Dec 31: Records and pays Interest Expense for Loan 2 (Mortgage): $4,400 (11 months x $400/month).",124,4400,debit,journal,MT39,11 months x $400/month,,post,1,4400,,,,,,,,,,,,,,,,,,,,,,,,,,,,,,,,
T39,T39T90,2025-12-31,"Dec 31: Records and pays Interest Expense for Loan 2 (Mortgage): $4,400 (11 months x $400/month).",116,4400,credit,journal,MT39,,,post,1,4400,,,,,,,,,,,,,,,,,,,,,,,,,,,,,,,,
T3,T3T5,2025-01-10,"Jan 10: Purchases land for $50,000 cash.",125,50000,debit,journal,MT3,Cash payment,,post,1,50000,,,,,,,,,,,,,,,,,,,,,,,,,,,,,,,,
T3,T3T6,2025-01-10,"Jan 10: Purchases land for $50,000 cash.",116,50000,credit,journal,MT3,Cash payment,,post,1,50000,,,,,,,,,,,,,,,,,,,,,,,,,,,,,,,,
T40,T40T91,2025-12-31,"Dec 31: Records and pays Interest Expense for Loan 3 (Car): $1,650 (11 months x $150/month).",124,1650,debit,journal,MT40,11 months x $150/month,,post,1,1650,,,,,,,,,,,,,,,,,,,,,,,,,,,,,,,,
T40,T40T92,2025-12-31,"Dec 31: Records and pays Interest Expense for Loan 3 (Car): $1,650 (11 months x $150/month).",116,1650,credit,journal,MT40,,,post,1,1650,,,,,,,,,,,,,,,,,,,,,,,,,,,,,,,,
T41,T41T93,2025-12-31,"Dec 31: Records Bad Debt Expense Adjustment: 2% of ending Accounts Receivable ($168,000 * 0.02 = $3,360).",113,3360,debit,journal,MT41,2% of ending Accounts Receivable,,post,1,3360,,,,,,,,,,,,,,,,,,,,,,,,,,,,,,,,
T41,T41T94,2025-12-31,"Dec 31: Records Bad Debt Expense Adjustment: 2% of ending Accounts Receivable ($168,000 * 0.02 = $3,360).",112,3360,credit,journal,MT41,,,post,1,3360,,,,,,,,,,,,,,,,,,,,,,,,,,,,,,,,
T42,T42T95,2025-12-31,"Dec 31: Raw materials used in production (assumed $100,000). Transfer from Raw Materials to WIP.",136,100000,debit,journal,MT42,"Assumed $100,000 raw materials used in production",,post,1,100000,,,,,,,,,,,,,,,,,,,,,,,,,,,,,,,,
T42,T42T96,2025-12-31,"Dec 31: Raw materials used in production (assumed $100,000). Transfer from Raw Materials to WIP.",129,100000,credit,journal,MT42,,,post,1,100000,,,,,,,,,,,,,,,,,,,,,,,,,,,,,,,,
T43,T43T97,2025-12-31,Dec 31: Transfer of completed goods from WIP to Finished Goods (Cost of Goods Manufactured).,123,265000,debit,journal,MT43,Assumed all converted to FG,,post,1,265000,,,,,,,,,,,,,,,,,,,,,,,,,,,,,,,,
T43,T43T98,2025-12-31,Dec 31: Transfer of completed goods from WIP to Finished Goods (Cost of Goods Manufactured).,136,265000,credit,journal,MT43,,,post,1,265000,,,,,,,,,,,,,,,,,,,,,,,,,,,,,,,,
T4,T4T7,2025-01-15,"Jan 15: Purchases manufacturing building for $100,000. $20,000 cash paid, remaining $80,000 financed with a mortgage loan (Loan 2) at 6% annual interest.",114,100000,debit,journal,MT4,"Cash paid, Mortgage Loan (Loan 2) 6% annual interest",,post,1,100000,,,,,,,,,,,,,,,,,,,,,,,,,,,,,,,,
T4,T4T8,2025-01-15,"Jan 15: Purchases manufacturing building for $100,000. $20,000 cash paid, remaining $80,000 financed with a mortgage loan (Loan 2) at 6% annual interest.",116,20000,credit,journal,MT4,,,post,1,20000,,,,,,,,,,,,,,,,,,,,,,,,,,,,,,,,
T4,T4T9,2025-01-15,"Jan 15: Purchases manufacturing building for $100,000. $20,000 cash paid, remaining $80,000 financed with a mortgage loan (Loan 2) at 6% annual interest.",128,80000,credit,journal,MT4,,,post,1,80000,,,,,,,,,,,,,,,,,,,,,,,,,,,,,,,,
T5,T5T10,2025-01-20,"Jan 20: Purchases manufacturing equipment for $40,000 on credit (Accounts Payable).",122,40000,debit,bill,MT5,On credit (Accounts Payable),,post,1,40000,,,,,,,,,,,,,,,,,,,,,,,,,,,,,,,,
T5,T5T11,2025-01-20,"Jan 20: Purchases manufacturing equipment for $40,000 on credit (Accounts Payable).",106,40000,credit,bill,MT5,,,post,1,40000,,,,,,,,,,,,,,,,,,,,,,,,,,,,,,,,
T6,T6T12,2025-01-25,"Jan 25: Purchases office vehicle (car) for $30,000. $10,000 cash paid, remaining $20,000 financed with a car loan (Loan 3) at 9% annual interest.",135,30000,debit,journal,MT6,"Cash paid, Car Loan (Loan 3) 9% annual interest",,post,1,30000,,,,,,,,,,,,,,,,,,,,,,,,,,,,,,,,
T6,T6T13,2025-01-25,"Jan 25: Purchases office vehicle (car) for $30,000. $10,000 cash paid, remaining $20,000 financed with a car loan (Loan 3) at 9% annual interest.",116,10000,credit,journal,MT6,,,post,1,10000,,,,,,,,,,,,,,,,,,,,,,,,,,,,,,,,
T6,T6T14,2025-01-25,"Jan 25: Purchases office vehicle (car) for $30,000. $10,000 cash paid, remaining $20,000 financed with a car loan (Loan 3) at 9% annual interest.",115,20000,credit,journal,MT6,,,post,1,20000,,,,,,,,,,,,,,,,,,,,,,,,,,,,,,,,
T7,T7T15,2025-02-01,"Feb 1: Purchases raw materials for $30,000 on credit.",129,30000,debit,bill,MT7,On credit,,post,1,30000,,,,,,,,,,,,,,,,,,,,,,,,,,,,,,,,
T7,T7T16,2025-02-01,"Feb 1: Purchases raw materials for $30,000 on credit.",106,30000,credit,bill,MT7,,,post,1,30000,,,,,,,,,,,,,,,,,,,,,,,,,,,,,,,,
T8,T8T17,2025-02-15,"Feb 15: Pays $15,000 to Accounts Payable (for equipment).",106,15000,debit,paid,MT8,,,post,1,15000,,,,,,,,,,,,,,,,,,,,,,,,,,,,,,,,
T8,T8T18,2025-02-15,"Feb 15: Pays $15,000 to Accounts Payable (for equipment).",116,15000,credit,paid,MT8,,,post,1,15000,,,,,,,,,,,,,,,,,,,,,,,,,,,,,,,,
T9,T9T19,2025-03-01,"Mar 1: Purchases raw materials for $40,000 cash.",129,40000,debit,bill,MT9,,,post,1,40000,,,,,,,,,,,,,,,,,,,,,,,,,,,,,,,,
T9,T9T20,2025-03-01,"Mar 1: Purchases raw materials for $40,000 cash.",116,40000,credit,bill,MT9,Cash payment,,post,1,40000,,,,,,,,,,,,,,,,,,,,,,,,,,,,,,,,